[
  {
    "users": [
      {
        "id": 1,
        "name": "Lisa Parker",
        "status": "online",
        "profile": "build/images/users/avatar-2.jpg"
      },
      {
        "id": 2,
        "name": "Frank Thomas",
        "status": "online",
        "profile": "build/images/users/avatar-3.jpg",
        "messagecount" : 8
      },
      {
        "id": 3,
        "name": "Clifford Taylor",
        "status": "away",
        "nickname": "CT",
        "profile": ""
      },
      {
        "id": 4,
        "name": "Janette Caster",
        "status": "online",
        "profile": "build/images/users/avatar-4.jpg"
      },
      {
        "id": 5,
        "name": "Sarah Beattie",
        "status": "online",
        "profile": "build/images/users/avatar-5.jpg",
        "messagecount" : 5
      },
      {
        "id": 6,
        "name": "Nellie Cornett",
        "status": "away",
        "profile": "build/images/users/avatar-6.jpg",
        "messagecount" : 2
      },
      {
        "id": 7,
        "name": "Chris Kiernan",
        "status": "online",
        "nickname": "CK",
        "profile": ""
      },
      {
        "id": 8,
        "name": "Edith Evans",
        "status": "away",
        "nickname": "EE",
        "profile": ""
      },
      {
        "id": 9,
        "name": "Joseph Siegel",
        "status": "away",
        "profile": "build/images/users/avatar-7.jpg"
      }
    ],
    "channels": [
      { "id": 10, "name": "Landing Design", "members": 12, "messagecount": 7 },
      { "id": 11, "name": "General", "members": 10 },
      { "id": 12, "name": "Project Tasks", "members": 24,"messagecount": 2 },
      { "id": 13, "name": "Meeting", "members": 8 },
      { "id": 14, "name": "Reporting", "members": 16 }
    ]
  }
]
